19 Dec 2016,09:15,8122.35
19 Dec 2016,09:16,8114.75
19 Dec 2016,09:17,8119.30
19 Dec 2016,09:18,8118.75
19 Dec 2016,09:19,8120.20
19 Dec 2016,09:20,8114.55
19 Dec 2016,09:21,8112.05
19 Dec 2016,09:22,8115.95
19 Dec 2016,09:23,8113.90
19 Dec 2016,09:24,8115.30
19 Dec 2016,09:25,8115.65
19 Dec 2016,09:26,8120.50
19 Dec 2016,09:27,8116.90
19 Dec 2016,09:28,8119.35
19 Dec 2016,09:29,8117.65
19 Dec 2016,09:30,8114.75
19 Dec 2016,09:31,8116.50
19 Dec 2016,09:32,8115.75
19 Dec 2016,09:33,8116.35
19 Dec 2016,09:34,8115.20
19 Dec 2016,09:35,8114.85
19 Dec 2016,09:36,8112.25
19 Dec 2016,09:38,8113.40
19 Dec 2016,09:38,8110.60
19 Dec 2016,09:40,8109.75
19 Dec 2016,09:40,8105.85
19 Dec 2016,09:41,8107.25
19 Dec 2016,09:42,8109.80
19 Dec 2016,09:44,8115.40
19 Dec 2016,09:44,8116.10
19 Dec 2016,09:45,8112.20
19 Dec 2016,09:46,8112.35
19 Dec 2016,09:48,8114.30
19 Dec 2016,09:48,8115.00
19 Dec 2016,09:49,8119.00
19 Dec 2016,09:51,8123.20
19 Dec 2016,09:52,8121.50
19 Dec 2016,09:52,8121.15
19 Dec 2016,09:53,8119.85
19 Dec 2016,09:54,8117.90
19 Dec 2016,09:56,8118.05
19 Dec 2016,09:57,8117.50
19 Dec 2016,09:58,8118.05
19 Dec 2016,09:58,8117.45
19 Dec 2016,10:00,8118.10
19 Dec 2016,10:00,8116.90
19 Dec 2016,10:01,8116.00
19 Dec 2016,10:02,8116.70
19 Dec 2016,10:03,8114.35
19 Dec 2016,10:05,8113.65
19 Dec 2016,10:06,8111.45
19 Dec 2016,10:07,8111.60
19 Dec 2016,10:08,8112.90
19 Dec 2016,10:09,8117.05
19 Dec 2016,10:10,8119.70
19 Dec 2016,10:11,8118.75
19 Dec 2016,10:12,8119.05
19 Dec 2016,10:13,8119.70
19 Dec 2016,10:14,8121.80
19 Dec 2016,10:15,8119.95
19 Dec 2016,10:16,8119.25
19 Dec 2016,10:17,8117.85
19 Dec 2016,10:18,8117.35
19 Dec 2016,10:19,8116.65
19 Dec 2016,10:20,8116.05
19 Dec 2016,10:21,8115.00
19 Dec 2016,10:22,8115.40
19 Dec 2016,10:23,8116.60
19 Dec 2016,10:24,8117.75
19 Dec 2016,10:25,8116.15
19 Dec 2016,10:26,8116.25
19 Dec 2016,10:27,8116.65
19 Dec 2016,10:28,8117.45
19 Dec 2016,10:30,8116.85
19 Dec 2016,10:31,8116.40
19 Dec 2016,10:31,8115.35
19 Dec 2016,10:32,8114.50
19 Dec 2016,10:33,8113.80
19 Dec 2016,10:34,8113.60
19 Dec 2016,10:36,8115.05
19 Dec 2016,10:36,8116.05
19 Dec 2016,10:37,8119.25
19 Dec 2016,10:38,8119.45
19 Dec 2016,10:39,8121.35
19 Dec 2016,10:40,8120.95
19 Dec 2016,10:41,8122.35
19 Dec 2016,10:42,8121.90
19 Dec 2016,10:43,8122.20
19 Dec 2016,10:44,8125.20
19 Dec 2016,10:46,8125.35
19 Dec 2016,10:46,8126.55
19 Dec 2016,10:47,8130.30
19 Dec 2016,10:49,8130.45
19 Dec 2016,10:49,8130.50
19 Dec 2016,10:51,8128.05
19 Dec 2016,10:51,8127.75
19 Dec 2016,10:52,8126.75
19 Dec 2016,10:53,8126.70
19 Dec 2016,10:54,8126.90
19 Dec 2016,10:56,8126.75
19 Dec 2016,10:56,8126.45
19 Dec 2016,10:57,8126.30
19 Dec 2016,10:58,8126.25
19 Dec 2016,10:59,8124.95
19 Dec 2016,11:01,8124.30
19 Dec 2016,11:01,8123.70
19 Dec 2016,11:02,8123.45
19 Dec 2016,11:03,8123.70
19 Dec 2016,11:06,8122.15
19 Dec 2016,11:06,8121.20
19 Dec 2016,11:08,8121.85
19 Dec 2016,11:08,8121.00
19 Dec 2016,11:09,8120.30
19 Dec 2016,11:11,8120.65
19 Dec 2016,11:12,8120.25
19 Dec 2016,11:12,8119.85
19 Dec 2016,11:14,8120.25
19 Dec 2016,11:14,8120.95
19 Dec 2016,11:15,8121.40
19 Dec 2016,11:16,8121.50
19 Dec 2016,11:17,8121.40
19 Dec 2016,11:18,8124.70
19 Dec 2016,11:19,8123.70
19 Dec 2016,11:20,8123.15
19 Dec 2016,11:21,8120.30
19 Dec 2016,11:22,8121.50
19 Dec 2016,11:23,8123.10
19 Dec 2016,11:24,8122.75
19 Dec 2016,11:25,8123.20
19 Dec 2016,11:26,8124.20
19 Dec 2016,11:27,8123.25
19 Dec 2016,11:28,8124.45
19 Dec 2016,11:30,8124.00
19 Dec 2016,11:30,8123.10
19 Dec 2016,11:31,8123.80
19 Dec 2016,11:32,8123.70
19 Dec 2016,11:33,8123.70
19 Dec 2016,11:34,8123.85
19 Dec 2016,11:35,8123.55
19 Dec 2016,11:36,8123.05
19 Dec 2016,11:37,8123.90
19 Dec 2016,11:38,8123.70
19 Dec 2016,11:39,8124.35
19 Dec 2016,11:40,8125.15
19 Dec 2016,11:41,8125.10
19 Dec 2016,11:42,8124.75
19 Dec 2016,11:43,8124.20
19 Dec 2016,11:44,8122.40
19 Dec 2016,11:46,8121.90
19 Dec 2016,11:46,8120.90
19 Dec 2016,11:47,8119.75
19 Dec 2016,11:48,8119.55
19 Dec 2016,11:50,8121.20
19 Dec 2016,11:51,8121.00
19 Dec 2016,11:51,8120.65
19 Dec 2016,11:52,8122.75
19 Dec 2016,11:53,8122.50
19 Dec 2016,11:54,8123.00
19 Dec 2016,11:55,8123.40
19 Dec 2016,11:56,8122.45
19 Dec 2016,11:57,8122.70
19 Dec 2016,11:58,8123.10
19 Dec 2016,11:59,8122.15
19 Dec 2016,12:01,8120.45
19 Dec 2016,12:01,8120.65
19 Dec 2016,12:02,8118.90
19 Dec 2016,12:04,8117.50
19 Dec 2016,12:04,8117.45
19 Dec 2016,12:06,8117.45
19 Dec 2016,12:06,8116.75
19 Dec 2016,12:07,8117.25
19 Dec 2016,12:08,8117.95
19 Dec 2016,12:10,8119.05
19 Dec 2016,12:10,8119.05
19 Dec 2016,12:11,8119.15
19 Dec 2016,12:12,8118.95
19 Dec 2016,12:13,8118.60
19 Dec 2016,12:15,8118.30
19 Dec 2016,12:16,8119.15
19 Dec 2016,12:16,8118.85
19 Dec 2016,12:17,8119.90
19 Dec 2016,12:19,8121.05
19 Dec 2016,12:20,8121.35
19 Dec 2016,12:21,8122.05
19 Dec 2016,12:22,8120.80
19 Dec 2016,12:23,8121.70
19 Dec 2016,12:23,8123.55
19 Dec 2016,12:25,8124.50
19 Dec 2016,12:25,8125.55
19 Dec 2016,12:26,8124.50
19 Dec 2016,12:27,8123.80
19 Dec 2016,12:28,8123.40
19 Dec 2016,12:29,8122.05
19 Dec 2016,12:30,8121.20
19 Dec 2016,12:31,8120.95
19 Dec 2016,12:32,8121.35
19 Dec 2016,12:33,8121.45
19 Dec 2016,12:34,8121.30
19 Dec 2016,12:35,8121.45
19 Dec 2016,12:36,8121.10
19 Dec 2016,12:37,8122.40
19 Dec 2016,12:38,8122.80
19 Dec 2016,12:39,8121.85
19 Dec 2016,12:41,8120.50
19 Dec 2016,12:41,8120.10
19 Dec 2016,12:42,8119.40
19 Dec 2016,12:43,8119.45
19 Dec 2016,12:45,8120.35
19 Dec 2016,12:46,8119.80
19 Dec 2016,12:46,8120.20
19 Dec 2016,12:47,8119.75
19 Dec 2016,12:48,8120.05
19 Dec 2016,12:49,8120.85
19 Dec 2016,12:50,8120.90
19 Dec 2016,12:51,8120.95
19 Dec 2016,12:52,8120.45
19 Dec 2016,12:53,8121.25
19 Dec 2016,12:54,8121.60
19 Dec 2016,12:55,8121.55
19 Dec 2016,12:56,8121.20
19 Dec 2016,12:57,8120.60
19 Dec 2016,12:58,8119.85
19 Dec 2016,13:00,8119.50
19 Dec 2016,13:01,8118.55
19 Dec 2016,13:01,8118.75
19 Dec 2016,13:02,8118.50
19 Dec 2016,13:03,8118.60
19 Dec 2016,13:04,8119.30
19 Dec 2016,13:06,8121.45
19 Dec 2016,13:06,8119.65
19 Dec 2016,13:08,8120.45
19 Dec 2016,13:08,8121.15
19 Dec 2016,13:09,8120.20
19 Dec 2016,13:10,8121.15
19 Dec 2016,13:11,8119.30
19 Dec 2016,13:12,8119.55
19 Dec 2016,13:13,8119.40
19 Dec 2016,13:14,8119.30
19 Dec 2016,13:16,8119.55
19 Dec 2016,13:16,8119.05
19 Dec 2016,13:17,8118.75
19 Dec 2016,13:18,8118.35
19 Dec 2016,13:19,8117.00
19 Dec 2016,13:21,8117.35
19 Dec 2016,13:21,8118.25
19 Dec 2016,13:22,8118.75
19 Dec 2016,13:23,8118.40
19 Dec 2016,13:24,8118.55
19 Dec 2016,13:26,8119.10
19 Dec 2016,13:26,8119.55
19 Dec 2016,13:28,8120.35
19 Dec 2016,13:28,8119.95
19 Dec 2016,13:30,8119.50
19 Dec 2016,13:31,8119.75
19 Dec 2016,13:31,8119.80
19 Dec 2016,13:33,8118.95
19 Dec 2016,13:34,8115.70
19 Dec 2016,13:35,8116.10
19 Dec 2016,13:36,8117.50
19 Dec 2016,13:37,8118.10
19 Dec 2016,13:38,8116.85
19 Dec 2016,13:39,8118.20
19 Dec 2016,13:40,8118.50
19 Dec 2016,13:41,8119.40
19 Dec 2016,13:42,8119.20
19 Dec 2016,13:43,8118.20
19 Dec 2016,13:44,8120.20
19 Dec 2016,13:45,8118.65
19 Dec 2016,13:46,8119.20
19 Dec 2016,13:47,8119.05
19 Dec 2016,13:48,8119.15
19 Dec 2016,13:49,8118.85
19 Dec 2016,13:51,8118.30
19 Dec 2016,13:51,8118.45
19 Dec 2016,13:52,8120.90
19 Dec 2016,13:53,8126.80
19 Dec 2016,13:54,8124.80
19 Dec 2016,13:55,8124.30
19 Dec 2016,13:56,8123.30
19 Dec 2016,13:57,8122.60
19 Dec 2016,13:58,8123.45
19 Dec 2016,13:59,8122.60
19 Dec 2016,14:01,8122.35
19 Dec 2016,14:02,8120.80
19 Dec 2016,14:02,8119.45
19 Dec 2016,14:03,8119.20
19 Dec 2016,14:04,8119.35
19 Dec 2016,14:05,8118.65
19 Dec 2016,14:06,8118.50
19 Dec 2016,14:07,8117.55
19 Dec 2016,14:08,8116.85
19 Dec 2016,14:09,8116.20
19 Dec 2016,14:10,8115.70
19 Dec 2016,14:11,8115.70
19 Dec 2016,14:12,8116.05
19 Dec 2016,14:13,8117.75
19 Dec 2016,14:14,8119.15
19 Dec 2016,14:15,8121.60
19 Dec 2016,14:16,8122.05
19 Dec 2016,14:17,8120.80
19 Dec 2016,14:18,8119.85
19 Dec 2016,14:19,8120.25
19 Dec 2016,14:21,8119.95
19 Dec 2016,14:21,8120.80
19 Dec 2016,14:22,8122.85
19 Dec 2016,14:23,8127.85
19 Dec 2016,14:24,8126.80
19 Dec 2016,14:26,8127.65
19 Dec 2016,14:26,8127.40
19 Dec 2016,14:27,8126.15
19 Dec 2016,14:28,8125.60
19 Dec 2016,14:29,8123.10
19 Dec 2016,14:31,8124.00
19 Dec 2016,14:31,8123.05
19 Dec 2016,14:32,8123.95
19 Dec 2016,14:33,8123.80
19 Dec 2016,14:34,8124.95
19 Dec 2016,14:35,8123.90
19 Dec 2016,14:36,8124.15
19 Dec 2016,14:37,8124.00
19 Dec 2016,14:38,8122.85
19 Dec 2016,14:39,8123.30
19 Dec 2016,14:40,8123.60
19 Dec 2016,14:41,8123.45
19 Dec 2016,14:42,8123.60
19 Dec 2016,14:43,8123.75
19 Dec 2016,14:44,8125.35
19 Dec 2016,14:46,8125.30
19 Dec 2016,14:46,8123.70
19 Dec 2016,14:47,8123.05
19 Dec 2016,14:48,8121.60
19 Dec 2016,14:50,8119.70
19 Dec 2016,14:50,8119.20
19 Dec 2016,14:51,8118.90
19 Dec 2016,14:52,8117.60
19 Dec 2016,14:53,8116.30
19 Dec 2016,14:54,8116.25
19 Dec 2016,14:55,8115.30
19 Dec 2016,14:56,8115.45
19 Dec 2016,14:57,8116.15
19 Dec 2016,14:58,8115.30
19 Dec 2016,14:59,8117.25
19 Dec 2016,15:01,8115.45
19 Dec 2016,15:02,8114.95
19 Dec 2016,15:02,8116.25
19 Dec 2016,15:04,8115.05
19 Dec 2016,15:05,8114.70
19 Dec 2016,15:06,8114.85
19 Dec 2016,15:06,8114.75
19 Dec 2016,15:08,8114.00
19 Dec 2016,15:08,8113.40
19 Dec 2016,15:09,8111.55
19 Dec 2016,15:11,8109.45
19 Dec 2016,15:11,8106.10
19 Dec 2016,15:12,8107.00
19 Dec 2016,15:14,8104.80
19 Dec 2016,15:15,8102.15
19 Dec 2016,15:16,8100.15
19 Dec 2016,15:17,8096.80
19 Dec 2016,15:18,8097.80
19 Dec 2016,15:19,8096.85
19 Dec 2016,15:21,8096.95
19 Dec 2016,15:21,8096.20
19 Dec 2016,15:22,8096.40
19 Dec 2016,15:23,8097.10
19 Dec 2016,15:24,8097.10
19 Dec 2016,15:25,8097.55
19 Dec 2016,15:26,8098.25
19 Dec 2016,15:27,8098.90
19 Dec 2016,15:28,8102.55
19 Dec 2016,15:29,8103.35
19 Dec 2016,15:31,8104.35
20 Dec 2016,09:15,8110.20
20 Dec 2016,09:16,8113.60
20 Dec 2016,09:17,8117.25
20 Dec 2016,09:18,8116.80
20 Dec 2016,09:19,8121.50
20 Dec 2016,09:20,8123.00
20 Dec 2016,09:21,8118.35
20 Dec 2016,09:22,8117.40
20 Dec 2016,09:23,8119.15
20 Dec 2016,09:24,8121.60
20 Dec 2016,09:25,8116.40
20 Dec 2016,09:26,8114.40
20 Dec 2016,09:27,8116.20
20 Dec 2016,09:28,8116.95
20 Dec 2016,09:30,8119.60
20 Dec 2016,09:30,8119.65
20 Dec 2016,09:31,8117.45
20 Dec 2016,09:32,8114.80
20 Dec 2016,09:33,8115.15
20 Dec 2016,09:34,8115.40
20 Dec 2016,09:35,8114.45
20 Dec 2016,09:36,8113.55
20 Dec 2016,09:37,8113.00
20 Dec 2016,09:38,8114.15
20 Dec 2016,09:40,8112.55
20 Dec 2016,09:40,8114.10
20 Dec 2016,09:41,8115.90
20 Dec 2016,09:42,8114.30
20 Dec 2016,09:43,8113.55
20 Dec 2016,09:44,8112.15
20 Dec 2016,09:45,8111.10
20 Dec 2016,09:46,8111.15
20 Dec 2016,09:47,8109.95
20 Dec 2016,09:48,8109.90
20 Dec 2016,09:49,8109.90
20 Dec 2016,09:50,8108.40
20 Dec 2016,09:51,8110.95
20 Dec 2016,09:52,8111.75
20 Dec 2016,09:53,8113.90
20 Dec 2016,09:54,8113.55
20 Dec 2016,09:55,8114.35
20 Dec 2016,09:56,8114.65
20 Dec 2016,09:57,8114.00
20 Dec 2016,09:58,8113.80
20 Dec 2016,09:59,8114.05
20 Dec 2016,10:00,8114.00
20 Dec 2016,10:02,8113.20
20 Dec 2016,10:02,8113.20
20 Dec 2016,10:03,8113.05
20 Dec 2016,10:05,8113.05
20 Dec 2016,10:05,8108.70
20 Dec 2016,10:07,8109.00
20 Dec 2016,10:08,8108.95
20 Dec 2016,10:08,8107.85
20 Dec 2016,10:09,8107.65
20 Dec 2016,10:11,8110.00
20 Dec 2016,10:11,8108.40
20 Dec 2016,10:12,8108.75
20 Dec 2016,10:13,8108.75
20 Dec 2016,10:14,8109.65
20 Dec 2016,10:16,8110.05
20 Dec 2016,10:17,8111.40
20 Dec 2016,10:17,8110.80
20 Dec 2016,10:18,8111.35
20 Dec 2016,10:20,8110.50
20 Dec 2016,10:20,8109.35
20 Dec 2016,10:22,8108.80
20 Dec 2016,10:22,8104.80
20 Dec 2016,10:24,8103.95
20 Dec 2016,10:24,8105.55
20 Dec 2016,10:26,8105.05
20 Dec 2016,10:27,8104.25
20 Dec 2016,10:27,8103.15
20 Dec 2016,10:29,8104.75
20 Dec 2016,10:30,8107.45
20 Dec 2016,10:31,8110.60
20 Dec 2016,10:32,8109.75
20 Dec 2016,10:32,8109.85
20 Dec 2016,10:34,8109.65
20 Dec 2016,10:35,8108.90
20 Dec 2016,10:36,8110.75
20 Dec 2016,10:36,8112.15
20 Dec 2016,10:38,8110.75
20 Dec 2016,10:39,8110.45
20 Dec 2016,10:41,8108.85
20 Dec 2016,10:41,8109.45
20 Dec 2016,10:42,8108.00
20 Dec 2016,10:43,8107.60
20 Dec 2016,10:44,8108.05
20 Dec 2016,10:46,8109.80
20 Dec 2016,10:46,8111.35
20 Dec 2016,10:47,8111.45
20 Dec 2016,10:48,8113.25
20 Dec 2016,10:49,8113.20
20 Dec 2016,10:51,8114.00
20 Dec 2016,10:51,8113.05
20 Dec 2016,10:52,8112.65
20 Dec 2016,10:53,8111.95
20 Dec 2016,10:54,8110.85
20 Dec 2016,10:56,8111.30
20 Dec 2016,10:56,8112.10
20 Dec 2016,10:57,8111.20
20 Dec 2016,10:58,8109.95
20 Dec 2016,10:59,8108.60
20 Dec 2016,11:01,8108.90
20 Dec 2016,11:01,8108.80
20 Dec 2016,11:02,8109.55
20 Dec 2016,11:03,8110.30
20 Dec 2016,11:04,8111.95
20 Dec 2016,11:05,8112.05
20 Dec 2016,11:06,8110.60
20 Dec 2016,11:07,8111.25
20 Dec 2016,11:08,8111.85
20 Dec 2016,11:09,8107.90
20 Dec 2016,11:11,8105.50
20 Dec 2016,11:11,8103.70
20 Dec 2016,11:12,8103.35
20 Dec 2016,11:13,8105.15
20 Dec 2016,11:14,8104.65
20 Dec 2016,11:16,8102.15
20 Dec 2016,11:16,8102.80
20 Dec 2016,11:17,8099.25
20 Dec 2016,11:18,8101.05
20 Dec 2016,11:19,8098.75
20 Dec 2016,11:21,8093.80
20 Dec 2016,11:21,8094.00
20 Dec 2016,11:22,8087.00
20 Dec 2016,11:23,8088.70
20 Dec 2016,11:25,8089.45
20 Dec 2016,11:26,8089.30
20 Dec 2016,11:26,8090.20
20 Dec 2016,11:28,8091.55
20 Dec 2016,11:28,8093.00
20 Dec 2016,11:29,8092.10
20 Dec 2016,11:30,8091.10
20 Dec 2016,11:31,8084.85
20 Dec 2016,11:32,8086.00
20 Dec 2016,11:33,8087.55
20 Dec 2016,11:34,8082.20
20 Dec 2016,11:36,8083.65
20 Dec 2016,11:37,8079.25
20 Dec 2016,11:38,8076.55
20 Dec 2016,11:38,8078.50
20 Dec 2016,11:39,8080.65
20 Dec 2016,11:41,8081.50
20 Dec 2016,11:41,8083.55
20 Dec 2016,11:42,8083.50
20 Dec 2016,11:43,8083.60
20 Dec 2016,11:45,8083.95
20 Dec 2016,11:46,8083.45
20 Dec 2016,11:47,8083.05
20 Dec 2016,11:48,8083.05
20 Dec 2016,11:48,8082.05
20 Dec 2016,11:50,8080.90
20 Dec 2016,11:51,8079.70
20 Dec 2016,11:52,8080.70
20 Dec 2016,11:53,8082.20
20 Dec 2016,11:54,8082.30
20 Dec 2016,11:55,8080.70
20 Dec 2016,11:56,8077.90
20 Dec 2016,11:57,8076.45
20 Dec 2016,11:58,8075.35
20 Dec 2016,11:59,8075.50
20 Dec 2016,12:01,8076.55
20 Dec 2016,12:01,8076.75
20 Dec 2016,12:02,8077.20
20 Dec 2016,12:03,8077.35
20 Dec 2016,12:05,8079.45
20 Dec 2016,12:06,8079.75
20 Dec 2016,12:06,8083.05
20 Dec 2016,12:07,8080.85
20 Dec 2016,12:08,8081.45
20 Dec 2016,12:09,8080.70
20 Dec 2016,12:10,8083.45
20 Dec 2016,12:11,8082.55
20 Dec 2016,12:12,8081.30
20 Dec 2016,12:13,8081.60
20 Dec 2016,12:14,8081.10
20 Dec 2016,12:16,8077.15
20 Dec 2016,12:16,8076.00
20 Dec 2016,12:18,8074.45
20 Dec 2016,12:18,8072.15
20 Dec 2016,12:20,8074.65
20 Dec 2016,12:20,8076.15
20 Dec 2016,12:21,8075.95
20 Dec 2016,12:22,8076.35
20 Dec 2016,12:23,8076.45
20 Dec 2016,12:24,8077.40
20 Dec 2016,12:25,8076.20
20 Dec 2016,12:26,8078.05
20 Dec 2016,12:27,8079.85
20 Dec 2016,12:29,8081.30
20 Dec 2016,12:29,8083.45
20 Dec 2016,12:30,8087.60
20 Dec 2016,12:32,8088.45
20 Dec 2016,12:32,8087.00
20 Dec 2016,12:33,8087.05
20 Dec 2016,12:35,8086.85
20 Dec 2016,12:36,8086.20
20 Dec 2016,12:36,8087.45
20 Dec 2016,12:38,8084.75
20 Dec 2016,12:39,8084.45
20 Dec 2016,12:40,8084.25
20 Dec 2016,12:40,8085.70
20 Dec 2016,12:41,8085.45
20 Dec 2016,12:42,8089.80
20 Dec 2016,12:44,8090.00
20 Dec 2016,12:45,8088.45
20 Dec 2016,12:46,8087.00
20 Dec 2016,12:46,8086.75
20 Dec 2016,12:48,8085.40
20 Dec 2016,12:49,8085.40
20 Dec 2016,12:49,8084.45
20 Dec 2016,12:50,8084.25
20 Dec 2016,12:52,8083.90
20 Dec 2016,12:52,8083.10
20 Dec 2016,12:53,8082.60
20 Dec 2016,12:55,8081.00
20 Dec 2016,12:56,8080.50
20 Dec 2016,12:56,8080.45
20 Dec 2016,12:57,8080.45
20 Dec 2016,12:58,8080.15
20 Dec 2016,12:59,8078.95
20 Dec 2016,13:00,8078.00
20 Dec 2016,13:02,8078.70
20 Dec 2016,13:02,8078.00
20 Dec 2016,13:03,8079.30
20 Dec 2016,13:04,8080.80
20 Dec 2016,13:05,8080.60
20 Dec 2016,13:06,8078.90
20 Dec 2016,13:07,8079.15
20 Dec 2016,13:08,8079.50
20 Dec 2016,13:09,8079.55
20 Dec 2016,13:11,8078.85
20 Dec 2016,13:11,8074.90
20 Dec 2016,13:12,8075.75
20 Dec 2016,13:13,8074.95
20 Dec 2016,13:14,8074.35
20 Dec 2016,13:15,8074.15
20 Dec 2016,13:16,8075.85
20 Dec 2016,13:17,8077.20
20 Dec 2016,13:18,8076.80
20 Dec 2016,13:19,8077.70
20 Dec 2016,13:21,8078.60
20 Dec 2016,13:21,8078.75
20 Dec 2016,13:22,8080.20
20 Dec 2016,13:23,8080.65
20 Dec 2016,13:25,8079.45
20 Dec 2016,13:26,8077.45
20 Dec 2016,13:26,8077.45
20 Dec 2016,13:27,8077.10
20 Dec 2016,13:28,8075.50
20 Dec 2016,13:29,8075.90
20 Dec 2016,13:30,8074.05
20 Dec 2016,13:31,8073.05
20 Dec 2016,13:32,8074.75
20 Dec 2016,13:33,8075.20
20 Dec 2016,13:34,8075.90
20 Dec 2016,13:36,8075.00
20 Dec 2016,13:36,8075.05
20 Dec 2016,13:37,8074.85
20 Dec 2016,13:38,8074.90
20 Dec 2016,13:39,8075.90
20 Dec 2016,13:40,8073.15
20 Dec 2016,13:41,8071.05
20 Dec 2016,13:42,8071.15
20 Dec 2016,13:43,8070.15
20 Dec 2016,13:45,8070.25
20 Dec 2016,13:45,8067.35
20 Dec 2016,13:46,8067.20
20 Dec 2016,13:47,8065.65
20 Dec 2016,13:48,8068.25
20 Dec 2016,13:49,8067.70
20 Dec 2016,13:51,8066.75
20 Dec 2016,13:51,8063.80
20 Dec 2016,13:52,8068.90
20 Dec 2016,13:54,8075.80
20 Dec 2016,13:55,8076.95
20 Dec 2016,13:55,8075.50
20 Dec 2016,13:56,8075.45
20 Dec 2016,13:57,8075.35
20 Dec 2016,13:58,8076.05
20 Dec 2016,13:59,8075.90
20 Dec 2016,14:00,8077.20
20 Dec 2016,14:02,8078.10
20 Dec 2016,14:02,8077.55
20 Dec 2016,14:04,8077.25
20 Dec 2016,14:05,8073.00
20 Dec 2016,14:06,8072.25
20 Dec 2016,14:07,8072.20
20 Dec 2016,14:07,8071.30
20 Dec 2016,14:08,8071.55
20 Dec 2016,14:10,8072.35
20 Dec 2016,14:10,8074.45
20 Dec 2016,14:12,8075.25
20 Dec 2016,14:13,8075.25
20 Dec 2016,14:14,8076.05
20 Dec 2016,14:15,8075.45
20 Dec 2016,14:16,8075.45
20 Dec 2016,14:17,8079.00
20 Dec 2016,14:18,8077.75
20 Dec 2016,14:19,8077.70
20 Dec 2016,14:20,8074.70
20 Dec 2016,14:21,8074.90
20 Dec 2016,14:22,8073.35
20 Dec 2016,14:24,8072.70
20 Dec 2016,14:24,8073.75
20 Dec 2016,14:26,8076.20
20 Dec 2016,14:26,8075.60
20 Dec 2016,14:28,8076.20
20 Dec 2016,14:29,8083.95
20 Dec 2016,14:30,8088.70
20 Dec 2016,14:31,8087.35
20 Dec 2016,14:32,8085.40
20 Dec 2016,14:33,8086.55
20 Dec 2016,14:34,8087.80
20 Dec 2016,14:35,8086.60
20 Dec 2016,14:36,8087.10
20 Dec 2016,14:37,8090.05
20 Dec 2016,14:38,8089.10
20 Dec 2016,14:39,8087.05
20 Dec 2016,14:40,8089.00
20 Dec 2016,14:41,8086.45
20 Dec 2016,14:42,8084.65
20 Dec 2016,14:43,8081.90
20 Dec 2016,14:44,8082.20
20 Dec 2016,14:46,8084.30
20 Dec 2016,14:46,8085.20
20 Dec 2016,14:47,8086.25
20 Dec 2016,14:49,8084.35
20 Dec 2016,14:50,8087.35
20 Dec 2016,14:51,8086.30
20 Dec 2016,14:51,8085.35
20 Dec 2016,14:52,8084.25
20 Dec 2016,14:53,8081.20
20 Dec 2016,14:54,8080.75
20 Dec 2016,14:55,8080.40
20 Dec 2016,14:56,8081.10
20 Dec 2016,14:58,8081.65
20 Dec 2016,14:58,8081.20
20 Dec 2016,14:59,8079.55
20 Dec 2016,15:01,8079.25
20 Dec 2016,15:01,8077.10
20 Dec 2016,15:02,8079.10
20 Dec 2016,15:04,8076.90
20 Dec 2016,15:04,8076.05
20 Dec 2016,15:06,8076.80
20 Dec 2016,15:07,8076.55
20 Dec 2016,15:07,8077.60
20 Dec 2016,15:09,8077.35
20 Dec 2016,15:10,8081.00
20 Dec 2016,15:11,8078.45
20 Dec 2016,15:12,8077.10
20 Dec 2016,15:13,8077.25
20 Dec 2016,15:14,8076.30
20 Dec 2016,15:16,8079.20
20 Dec 2016,15:17,8079.90
20 Dec 2016,15:17,8082.05
20 Dec 2016,15:19,8084.15
20 Dec 2016,15:19,8085.45
20 Dec 2016,15:20,8087.20
20 Dec 2016,15:22,8085.70
20 Dec 2016,15:23,8084.35
20 Dec 2016,15:23,8085.65
20 Dec 2016,15:24,8087.00
20 Dec 2016,15:26,8090.10
20 Dec 2016,15:27,8086.95
20 Dec 2016,15:28,8089.45
20 Dec 2016,15:30,8090.55
20 Dec 2016,15:30,8090.50
20 Dec 2016,15:31,8082.40
21 Dec 2016,09:16,8107.10
21 Dec 2016,09:26,8084.25
21 Dec 2016,09:27,8081.70
21 Dec 2016,09:28,8078.45
21 Dec 2016,09:29,8077.80
21 Dec 2016,09:30,8078.70
21 Dec 2016,09:31,8083.50
21 Dec 2016,09:32,8084.05
21 Dec 2016,09:33,8084.30
21 Dec 2016,09:34,8084.55
21 Dec 2016,09:35,8080.85
21 Dec 2016,09:36,8079.35
21 Dec 2016,09:37,8078.60
21 Dec 2016,09:38,8079.60
21 Dec 2016,09:39,8083.05
21 Dec 2016,09:40,8083.20
21 Dec 2016,09:42,8083.75
21 Dec 2016,09:42,8084.65
21 Dec 2016,09:43,8084.85
21 Dec 2016,09:44,8086.10
21 Dec 2016,09:45,8088.30
21 Dec 2016,09:46,8091.85
21 Dec 2016,09:48,8095.20
21 Dec 2016,09:48,8092.90
21 Dec 2016,09:49,8096.85
21 Dec 2016,09:50,8097.85
21 Dec 2016,09:51,8096.35
21 Dec 2016,09:52,8094.95
21 Dec 2016,09:53,8095.65
21 Dec 2016,09:54,8093.90
21 Dec 2016,09:55,8095.40
21 Dec 2016,09:56,8096.30
21 Dec 2016,09:57,8094.30
21 Dec 2016,09:58,8093.55
21 Dec 2016,09:59,8090.00
21 Dec 2016,10:00,8089.70
21 Dec 2016,10:01,8089.30
21 Dec 2016,10:02,8090.40
21 Dec 2016,10:03,8091.10
21 Dec 2016,10:04,8090.20
21 Dec 2016,10:06,8088.35
21 Dec 2016,10:06,8087.60
21 Dec 2016,10:07,8088.90
21 Dec 2016,10:08,8089.45
21 Dec 2016,10:09,8089.70
21 Dec 2016,10:10,8090.15
21 Dec 2016,10:11,8092.20
21 Dec 2016,10:12,8092.55
21 Dec 2016,10:13,8092.35
21 Dec 2016,10:14,8091.50
21 Dec 2016,10:16,8090.20
21 Dec 2016,10:16,8088.90
21 Dec 2016,10:17,8089.45
21 Dec 2016,10:18,8091.40
21 Dec 2016,10:19,8092.05
21 Dec 2016,10:21,8092.95
21 Dec 2016,10:21,8093.70
21 Dec 2016,10:22,8093.30
21 Dec 2016,10:23,8093.70
21 Dec 2016,10:24,8093.80
21 Dec 2016,10:25,8094.70
21 Dec 2016,10:26,8094.05
21 Dec 2016,10:27,8093.50
21 Dec 2016,10:28,8094.60
21 Dec 2016,10:29,8093.65
21 Dec 2016,10:30,8093.75
21 Dec 2016,10:31,8093.75
21 Dec 2016,10:32,8095.40
21 Dec 2016,10:33,8096.15
21 Dec 2016,10:34,8095.50
21 Dec 2016,10:36,8096.60
21 Dec 2016,10:36,8098.10
21 Dec 2016,10:37,8098.20
21 Dec 2016,10:38,8101.25
21 Dec 2016,10:39,8102.10
21 Dec 2016,10:40,8101.65
21 Dec 2016,10:43,8101.70
21 Dec 2016,10:44,8102.45
21 Dec 2016,10:45,8104.90
21 Dec 2016,10:46,8105.60
21 Dec 2016,10:47,8104.55
21 Dec 2016,10:48,8102.05
21 Dec 2016,10:49,8101.60
21 Dec 2016,10:50,8100.30
21 Dec 2016,10:51,8099.30
21 Dec 2016,10:52,8098.80
21 Dec 2016,10:53,8099.70
21 Dec 2016,10:54,8100.15
21 Dec 2016,10:55,8098.45
21 Dec 2016,10:56,8096.60
21 Dec 2016,10:57,8096.35
21 Dec 2016,10:58,8096.60
21 Dec 2016,10:59,8095.35
21 Dec 2016,11:00,8093.10
21 Dec 2016,11:01,8093.25
21 Dec 2016,11:02,8094.25
21 Dec 2016,11:03,8093.55
21 Dec 2016,11:04,8094.30
21 Dec 2016,11:05,8091.60
21 Dec 2016,11:06,8090.70
21 Dec 2016,11:07,8090.10
21 Dec 2016,11:08,8090.05
21 Dec 2016,11:09,8090.85
21 Dec 2016,11:10,8091.55
21 Dec 2016,11:11,8090.85
21 Dec 2016,11:12,8090.45
21 Dec 2016,11:13,8089.20
21 Dec 2016,11:14,8087.65
21 Dec 2016,11:15,8088.30
21 Dec 2016,11:16,8088.95
21 Dec 2016,11:17,8089.65
21 Dec 2016,11:18,8090.30
21 Dec 2016,11:19,8091.05
21 Dec 2016,11:20,8091.25
21 Dec 2016,11:21,8091.95
21 Dec 2016,11:22,8092.80
21 Dec 2016,11:23,8091.80
21 Dec 2016,11:24,8092.25
21 Dec 2016,11:26,8092.05
21 Dec 2016,11:26,8092.45
21 Dec 2016,11:28,8093.05
21 Dec 2016,11:28,8092.00
21 Dec 2016,11:30,8090.75
21 Dec 2016,11:31,8092.25
21 Dec 2016,11:31,8092.60
21 Dec 2016,11:33,8092.90
21 Dec 2016,11:34,8092.35
21 Dec 2016,11:35,8089.45
21 Dec 2016,11:36,8090.15
21 Dec 2016,11:37,8090.10
21 Dec 2016,11:38,8090.35
21 Dec 2016,11:39,8090.35
21 Dec 2016,11:40,8090.50
21 Dec 2016,11:41,8091.30
21 Dec 2016,11:42,8091.50
21 Dec 2016,11:43,8091.35
21 Dec 2016,11:44,8091.20
21 Dec 2016,11:45,8090.55
21 Dec 2016,11:46,8090.80
21 Dec 2016,11:47,8091.45
21 Dec 2016,11:48,8092.55
21 Dec 2016,11:49,8093.80
21 Dec 2016,11:50,8093.15
21 Dec 2016,11:51,8095.40
21 Dec 2016,11:52,8094.15
21 Dec 2016,11:53,8094.35
21 Dec 2016,11:54,8094.40
21 Dec 2016,11:55,8093.65
21 Dec 2016,11:56,8092.75
21 Dec 2016,11:57,8093.25
21 Dec 2016,11:58,8092.70
21 Dec 2016,11:59,8093.60
21 Dec 2016,12:00,8093.60
21 Dec 2016,12:01,8094.20
21 Dec 2016,12:02,8094.30
21 Dec 2016,12:03,8094.75
21 Dec 2016,12:04,8095.05
21 Dec 2016,12:05,8095.85
21 Dec 2016,12:06,8095.45
21 Dec 2016,12:07,8095.20
21 Dec 2016,12:08,8095.40
21 Dec 2016,12:09,8095.00
21 Dec 2016,12:11,8092.75
21 Dec 2016,12:11,8092.50
21 Dec 2016,12:12,8091.40
21 Dec 2016,12:13,8089.60
21 Dec 2016,12:14,8090.15
21 Dec 2016,12:15,8090.15
21 Dec 2016,12:16,8089.55
21 Dec 2016,12:17,8090.05
21 Dec 2016,12:18,8090.75
21 Dec 2016,12:19,8091.95
21 Dec 2016,12:20,8092.35
21 Dec 2016,12:21,8092.95
21 Dec 2016,12:22,8092.65
21 Dec 2016,12:23,8092.05
21 Dec 2016,12:24,8092.35
21 Dec 2016,12:26,8096.95
21 Dec 2016,12:26,8097.55
21 Dec 2016,12:27,8097.50
21 Dec 2016,12:28,8097.55
21 Dec 2016,12:29,8097.95
21 Dec 2016,12:30,8096.70
21 Dec 2016,12:32,8096.20
21 Dec 2016,12:32,8096.40
21 Dec 2016,12:33,8096.40
21 Dec 2016,12:34,8095.65
21 Dec 2016,12:36,8093.75
21 Dec 2016,12:36,8094.75
21 Dec 2016,12:37,8094.90
21 Dec 2016,12:38,8094.85
21 Dec 2016,12:39,8094.40
21 Dec 2016,12:40,8094.50
21 Dec 2016,12:41,8094.05
21 Dec 2016,12:42,8094.05
21 Dec 2016,12:44,8093.45
21 Dec 2016,12:44,8093.35
21 Dec 2016,12:46,8094.05
21 Dec 2016,12:46,8094.20
21 Dec 2016,12:47,8093.80
21 Dec 2016,12:48,8093.70
21 Dec 2016,12:50,8093.80
21 Dec 2016,12:52,8094.40
21 Dec 2016,12:52,8095.60
21 Dec 2016,12:53,8095.80
21 Dec 2016,12:54,8096.50
21 Dec 2016,12:56,8096.30
21 Dec 2016,12:57,8095.85
21 Dec 2016,12:58,8096.30
21 Dec 2016,12:59,8096.15
21 Dec 2016,13:00,8095.25
21 Dec 2016,13:03,8094.35
21 Dec 2016,13:04,8094.10
21 Dec 2016,13:05,8094.30
21 Dec 2016,13:06,8093.55
21 Dec 2016,13:07,8094.20
21 Dec 2016,13:08,8094.45
21 Dec 2016,13:09,8093.45
21 Dec 2016,13:10,8090.25
21 Dec 2016,13:11,8090.45
21 Dec 2016,13:12,8092.30
21 Dec 2016,13:13,8091.40
21 Dec 2016,13:14,8088.05
21 Dec 2016,13:15,8086.50
21 Dec 2016,13:16,8086.95
21 Dec 2016,13:17,8086.90
21 Dec 2016,13:18,8089.05
21 Dec 2016,13:19,8088.80
21 Dec 2016,13:20,8088.70
21 Dec 2016,13:21,8093.40
21 Dec 2016,13:22,8093.60
21 Dec 2016,13:24,8093.65
21 Dec 2016,13:24,8093.85
21 Dec 2016,13:26,8101.20
21 Dec 2016,13:26,8101.65
21 Dec 2016,13:27,8101.60
21 Dec 2016,13:28,8099.95
21 Dec 2016,13:29,8101.05
21 Dec 2016,13:31,8098.65
21 Dec 2016,13:31,8097.30
21 Dec 2016,13:32,8098.25
21 Dec 2016,13:33,8099.80
21 Dec 2016,13:34,8101.10
21 Dec 2016,13:36,8099.85
21 Dec 2016,13:36,8101.10
21 Dec 2016,13:37,8101.00
21 Dec 2016,13:38,8098.80
21 Dec 2016,13:39,8097.30
21 Dec 2016,13:40,8096.60
21 Dec 2016,13:41,8096.45
21 Dec 2016,13:42,8096.25
21 Dec 2016,13:43,8096.80
21 Dec 2016,13:44,8097.80
21 Dec 2016,13:46,8097.05
21 Dec 2016,13:46,8096.85
21 Dec 2016,13:47,8098.40
21 Dec 2016,13:48,8097.80
21 Dec 2016,13:49,8097.00
21 Dec 2016,13:50,8097.35
21 Dec 2016,13:51,8098.15
21 Dec 2016,13:52,8098.05
21 Dec 2016,13:53,8096.30
21 Dec 2016,13:54,8095.50
21 Dec 2016,13:55,8095.75
21 Dec 2016,13:56,8095.80
21 Dec 2016,13:57,8096.00
21 Dec 2016,13:58,8095.50
21 Dec 2016,13:59,8096.00
21 Dec 2016,14:00,8098.60
21 Dec 2016,14:02,8097.60
21 Dec 2016,14:02,8098.15
21 Dec 2016,14:03,8098.70
21 Dec 2016,14:04,8099.60
21 Dec 2016,14:05,8098.40
21 Dec 2016,14:06,8098.35
21 Dec 2016,14:07,8099.40
21 Dec 2016,14:08,8098.85
21 Dec 2016,14:09,8098.40
21 Dec 2016,14:10,8100.95
21 Dec 2016,14:11,8103.25
21 Dec 2016,14:12,8103.40
21 Dec 2016,14:13,8103.95
21 Dec 2016,14:14,8104.55
21 Dec 2016,14:16,8108.35
21 Dec 2016,14:16,8106.80
21 Dec 2016,14:18,8102.95
21 Dec 2016,14:19,8102.95
21 Dec 2016,14:20,8101.90
21 Dec 2016,14:21,8103.35
21 Dec 2016,14:22,8103.80
21 Dec 2016,14:23,8103.15
21 Dec 2016,14:24,8103.25
21 Dec 2016,14:25,8102.55
21 Dec 2016,14:26,8103.50
21 Dec 2016,14:27,8103.45
21 Dec 2016,14:28,8102.55
21 Dec 2016,14:29,8102.70
21 Dec 2016,14:30,8100.30
21 Dec 2016,14:31,8098.05
21 Dec 2016,14:32,8095.45
21 Dec 2016,14:33,8096.30
21 Dec 2016,14:34,8096.70
21 Dec 2016,14:35,8097.50
21 Dec 2016,14:36,8097.50
21 Dec 2016,14:37,8096.85
21 Dec 2016,14:38,8096.95
21 Dec 2016,14:39,8097.95
21 Dec 2016,14:40,8098.40
21 Dec 2016,14:41,8097.50
21 Dec 2016,14:42,8097.60
21 Dec 2016,14:43,8097.55
21 Dec 2016,14:44,8098.05
21 Dec 2016,14:45,8098.40
21 Dec 2016,14:46,8096.75
21 Dec 2016,14:47,8096.30
21 Dec 2016,14:48,8095.30
21 Dec 2016,14:49,8095.30
21 Dec 2016,14:50,8094.65
21 Dec 2016,14:51,8090.45
21 Dec 2016,14:52,8088.10
21 Dec 2016,14:53,8087.90
21 Dec 2016,14:54,8086.40
21 Dec 2016,14:56,8083.30
21 Dec 2016,14:56,8080.75
21 Dec 2016,14:57,8083.30
21 Dec 2016,14:58,8084.70
21 Dec 2016,14:59,8085.15
21 Dec 2016,15:00,8084.00
21 Dec 2016,15:00,8082.95
21 Dec 2016,15:02,8071.35
21 Dec 2016,15:03,8070.15
21 Dec 2016,15:04,8068.95
21 Dec 2016,15:05,8066.30
21 Dec 2016,15:06,8066.30
21 Dec 2016,15:07,8065.95
21 Dec 2016,15:08,8067.95
21 Dec 2016,15:09,8066.65
21 Dec 2016,15:10,8062.75
21 Dec 2016,15:11,8062.40
21 Dec 2016,15:12,8061.15
21 Dec 2016,15:13,8058.15
21 Dec 2016,15:14,8057.85
21 Dec 2016,15:16,8055.80
21 Dec 2016,15:16,8055.15
21 Dec 2016,15:17,8054.90
21 Dec 2016,15:18,8055.95
21 Dec 2016,15:19,8058.10
21 Dec 2016,15:21,8057.70
21 Dec 2016,15:21,8056.45
21 Dec 2016,15:22,8054.15
21 Dec 2016,15:23,8055.15
21 Dec 2016,15:24,8055.45
21 Dec 2016,15:26,8055.60
21 Dec 2016,15:26,8056.70
21 Dec 2016,15:28,8057.40
21 Dec 2016,15:28,8058.45
21 Dec 2016,15:30,8056.00
21 Dec 2016,15:31,8061.30
22 Dec 2016,09:16,8043.10
22 Dec 2016,09:16,8039.75
22 Dec 2016,09:17,8040.15
22 Dec 2016,09:18,8038.80
22 Dec 2016,09:20,8040.25
22 Dec 2016,09:21,8032.80
22 Dec 2016,09:22,8038.75
22 Dec 2016,09:22,8039.60
22 Dec 2016,09:23,8039.30
22 Dec 2016,09:24,8037.70
22 Dec 2016,09:25,8033.60
22 Dec 2016,09:26,8031.35
22 Dec 2016,09:27,8026.50
22 Dec 2016,09:28,8027.20
22 Dec 2016,09:30,8032.20
22 Dec 2016,09:31,8029.90
22 Dec 2016,09:32,8031.35
22 Dec 2016,09:33,8027.25
22 Dec 2016,09:34,8026.25
22 Dec 2016,09:35,8027.35
22 Dec 2016,09:36,8025.55
22 Dec 2016,09:37,8024.15
22 Dec 2016,09:38,8021.90
22 Dec 2016,09:39,8020.45
22 Dec 2016,09:40,8022.60
22 Dec 2016,09:42,8018.95
22 Dec 2016,09:42,8017.70
22 Dec 2016,09:43,8017.45
22 Dec 2016,09:44,8013.55
22 Dec 2016,09:45,8013.40
22 Dec 2016,09:46,8014.45
22 Dec 2016,09:47,8011.25
22 Dec 2016,09:48,8010.30
22 Dec 2016,09:49,8008.20
22 Dec 2016,09:50,8007.80
22 Dec 2016,09:51,8008.20
22 Dec 2016,09:51,8011.10
22 Dec 2016,09:52,8014.95
22 Dec 2016,09:54,8014.90
22 Dec 2016,09:55,8009.75
22 Dec 2016,09:56,8009.80
22 Dec 2016,09:57,8010.70
22 Dec 2016,09:58,8012.35
22 Dec 2016,10:00,8014.00
22 Dec 2016,10:00,8014.60
22 Dec 2016,10:01,8016.85
22 Dec 2016,10:02,8015.95
22 Dec 2016,10:03,8014.55
22 Dec 2016,10:04,8014.30
22 Dec 2016,10:05,8012.50
22 Dec 2016,10:06,8009.25
22 Dec 2016,10:07,8007.05
22 Dec 2016,10:08,8005.40
22 Dec 2016,10:09,8002.25
22 Dec 2016,10:11,8002.75
22 Dec 2016,10:11,8004.65
22 Dec 2016,10:12,8006.05
22 Dec 2016,10:13,8004.35
22 Dec 2016,10:14,8001.80
22 Dec 2016,10:15,8002.95
22 Dec 2016,10:16,8003.80
22 Dec 2016,10:17,8003.50
22 Dec 2016,10:18,8002.35
22 Dec 2016,10:20,8005.20
22 Dec 2016,10:21,8005.80
22 Dec 2016,10:22,8006.30
22 Dec 2016,10:23,8009.00
22 Dec 2016,10:24,8007.85
22 Dec 2016,10:26,8008.30
22 Dec 2016,10:26,8007.70
22 Dec 2016,10:27,8004.25
22 Dec 2016,10:29,8004.15
22 Dec 2016,10:29,8002.80
22 Dec 2016,10:31,8003.10
22 Dec 2016,10:32,8004.30
22 Dec 2016,10:33,8003.05
22 Dec 2016,10:34,8001.55
22 Dec 2016,10:36,7998.40
22 Dec 2016,10:37,7993.85
22 Dec 2016,10:37,7993.00
22 Dec 2016,10:38,7992.70
22 Dec 2016,10:39,7992.25
22 Dec 2016,10:40,7992.25
22 Dec 2016,10:42,7995.15
22 Dec 2016,10:42,7995.55
22 Dec 2016,10:44,7997.35
22 Dec 2016,10:44,7999.45
22 Dec 2016,10:46,8000.80
22 Dec 2016,10:46,8001.30
22 Dec 2016,10:51,7998.95
22 Dec 2016,10:52,7998.00
22 Dec 2016,10:53,7997.05
22 Dec 2016,10:54,7996.95
22 Dec 2016,10:55,7995.70
22 Dec 2016,10:56,7995.70
22 Dec 2016,10:57,7993.70
22 Dec 2016,10:58,7994.50
22 Dec 2016,10:59,7994.60
22 Dec 2016,11:00,7994.65
22 Dec 2016,11:01,7996.35
22 Dec 2016,11:02,7997.95
22 Dec 2016,11:03,7998.70
22 Dec 2016,11:04,8000.15
22 Dec 2016,11:05,8001.20
22 Dec 2016,11:06,8002.00
22 Dec 2016,11:07,8002.25
22 Dec 2016,11:08,8001.10
22 Dec 2016,11:09,8001.25
22 Dec 2016,11:10,8001.05
22 Dec 2016,11:11,7999.70
22 Dec 2016,11:12,7999.40
22 Dec 2016,11:13,7997.85
22 Dec 2016,11:14,7997.70
22 Dec 2016,11:15,7996.30
22 Dec 2016,11:16,7996.25
22 Dec 2016,11:17,7994.95
22 Dec 2016,11:17,7992.75
22 Dec 2016,11:20,7991.60
22 Dec 2016,11:20,7990.65
22 Dec 2016,11:21,7989.20
22 Dec 2016,11:22,7990.05
22 Dec 2016,11:22,7990.70
22 Dec 2016,11:24,7993.50
22 Dec 2016,11:25,7993.45
22 Dec 2016,11:26,7992.05
22 Dec 2016,11:27,7991.00
22 Dec 2016,11:28,7991.65
22 Dec 2016,11:29,7990.30
22 Dec 2016,11:31,7986.95
22 Dec 2016,11:31,7987.25
22 Dec 2016,11:32,7987.30
22 Dec 2016,11:33,7988.60
22 Dec 2016,11:34,7987.75
22 Dec 2016,11:35,7986.85
22 Dec 2016,11:36,7986.10
22 Dec 2016,11:37,7986.00
22 Dec 2016,11:38,7986.30
22 Dec 2016,11:39,7983.00
22 Dec 2016,11:40,7981.95
22 Dec 2016,11:41,7983.05
22 Dec 2016,11:42,7985.15
22 Dec 2016,11:44,7986.40
22 Dec 2016,11:44,7987.20
22 Dec 2016,11:46,7989.65
22 Dec 2016,11:46,7991.35
22 Dec 2016,11:47,7995.10
22 Dec 2016,11:48,7995.80
22 Dec 2016,11:49,7993.10
22 Dec 2016,11:54,7997.00
22 Dec 2016,11:54,7997.35
22 Dec 2016,11:54,7997.60
22 Dec 2016,11:55,7997.85
22 Dec 2016,11:55,7995.70
22 Dec 2016,11:56,7996.35
22 Dec 2016,11:58,7996.00
22 Dec 2016,11:58,7994.85
22 Dec 2016,12:00,7994.80
22 Dec 2016,12:00,7994.65
22 Dec 2016,12:02,7994.30
22 Dec 2016,12:02,7994.90
22 Dec 2016,12:03,7996.25
22 Dec 2016,12:04,7996.65
22 Dec 2016,12:05,7995.55
22 Dec 2016,12:06,7993.40
22 Dec 2016,12:07,7990.55
22 Dec 2016,12:08,7990.05
22 Dec 2016,12:09,7989.45
22 Dec 2016,12:10,7988.65
22 Dec 2016,12:11,7987.60
22 Dec 2016,12:12,7988.45
22 Dec 2016,12:13,7987.65
22 Dec 2016,12:14,7987.30
22 Dec 2016,12:15,7988.55
22 Dec 2016,12:16,7988.55
22 Dec 2016,12:17,7989.75
22 Dec 2016,12:18,7989.45
22 Dec 2016,12:19,7987.95
22 Dec 2016,12:20,7987.10
22 Dec 2016,12:21,7986.30
22 Dec 2016,12:22,7987.20
22 Dec 2016,12:23,7987.15
22 Dec 2016,12:24,7985.80
22 Dec 2016,12:26,7983.85
22 Dec 2016,12:26,7982.70
22 Dec 2016,12:27,7983.85
22 Dec 2016,12:28,7984.20
22 Dec 2016,12:29,7984.70
22 Dec 2016,12:31,7986.20
22 Dec 2016,12:31,7984.45
22 Dec 2016,12:32,7984.90
22 Dec 2016,12:33,7984.60
22 Dec 2016,12:34,7984.50
22 Dec 2016,12:35,7984.05
22 Dec 2016,12:36,7983.95
22 Dec 2016,12:37,7982.90
22 Dec 2016,12:38,7983.25
22 Dec 2016,12:39,7982.10
22 Dec 2016,12:40,7983.75
22 Dec 2016,12:41,7984.30
22 Dec 2016,12:42,7984.30
22 Dec 2016,12:43,7984.65
22 Dec 2016,12:44,7985.25
22 Dec 2016,12:45,7980.10
22 Dec 2016,12:46,7977.80
22 Dec 2016,12:47,7975.85
22 Dec 2016,12:48,7975.60
22 Dec 2016,12:49,7977.45
22 Dec 2016,12:51,7977.35
22 Dec 2016,12:51,7977.55
22 Dec 2016,12:52,7979.25
22 Dec 2016,12:52,7980.35
22 Dec 2016,12:54,7980.00
22 Dec 2016,12:55,7979.95
22 Dec 2016,12:57,7978.40
22 Dec 2016,12:58,7976.80
22 Dec 2016,13:00,7977.35
22 Dec 2016,13:01,7976.50
22 Dec 2016,13:02,7977.10
22 Dec 2016,13:02,7976.95
22 Dec 2016,13:04,7977.10
22 Dec 2016,13:05,7978.80
22 Dec 2016,13:05,7977.45
22 Dec 2016,13:06,7977.25
22 Dec 2016,13:07,7975.25
22 Dec 2016,13:08,7974.25
22 Dec 2016,13:10,7974.20
22 Dec 2016,13:11,7973.75
22 Dec 2016,13:11,7974.55
22 Dec 2016,13:12,7974.95
22 Dec 2016,13:13,7973.75
22 Dec 2016,13:15,7975.45
22 Dec 2016,13:16,7975.35
22 Dec 2016,13:16,7974.25
22 Dec 2016,13:18,7978.40
22 Dec 2016,13:19,7977.55
22 Dec 2016,13:20,7976.75
22 Dec 2016,13:21,7975.00
22 Dec 2016,13:22,7973.35
22 Dec 2016,13:23,7974.85
22 Dec 2016,13:24,7976.65
22 Dec 2016,13:25,7974.30
22 Dec 2016,13:26,7970.60
22 Dec 2016,13:27,7970.30
22 Dec 2016,13:28,7969.00
22 Dec 2016,13:30,7968.75
22 Dec 2016,13:30,7969.05
22 Dec 2016,13:31,7969.55
22 Dec 2016,13:32,7968.40
22 Dec 2016,13:33,7965.85
22 Dec 2016,13:34,7965.35
22 Dec 2016,13:35,7967.70
22 Dec 2016,13:36,7973.60
22 Dec 2016,13:37,7970.20
22 Dec 2016,13:38,7970.95
22 Dec 2016,13:39,7974.60
22 Dec 2016,13:40,7975.45
22 Dec 2016,13:41,7976.70
22 Dec 2016,13:42,7977.00
22 Dec 2016,13:43,7977.95
22 Dec 2016,13:44,7978.55
22 Dec 2016,13:45,7980.95
22 Dec 2016,13:46,7989.95
22 Dec 2016,13:47,7988.50
22 Dec 2016,13:48,7990.90
22 Dec 2016,13:49,7991.95
22 Dec 2016,13:51,7989.70
22 Dec 2016,13:51,7985.55
22 Dec 2016,13:52,7984.75
22 Dec 2016,13:53,7986.65
22 Dec 2016,13:54,7989.80
22 Dec 2016,13:55,7992.65
22 Dec 2016,13:56,7989.05
22 Dec 2016,13:57,7988.70
22 Dec 2016,13:58,7989.65
22 Dec 2016,13:59,7991.15
22 Dec 2016,14:01,7989.05
22 Dec 2016,14:01,7988.90
22 Dec 2016,14:02,7987.10
22 Dec 2016,14:03,7986.75
22 Dec 2016,14:04,7985.10
22 Dec 2016,14:05,7985.10
22 Dec 2016,14:06,7980.95
22 Dec 2016,14:07,7980.00
22 Dec 2016,14:09,7980.20
22 Dec 2016,14:10,7982.40
22 Dec 2016,14:11,7983.80
22 Dec 2016,14:11,7984.30
22 Dec 2016,14:12,7980.40
22 Dec 2016,14:13,7978.75
22 Dec 2016,14:15,7979.55
22 Dec 2016,14:15,7979.55
22 Dec 2016,14:16,7980.70
22 Dec 2016,14:18,7982.05
22 Dec 2016,14:18,7980.70
22 Dec 2016,14:19,7979.20
22 Dec 2016,14:21,7978.55
22 Dec 2016,14:21,7977.35
22 Dec 2016,14:22,7979.65
22 Dec 2016,14:24,7979.80
22 Dec 2016,14:25,7980.10
22 Dec 2016,14:26,7978.25
22 Dec 2016,14:26,7977.40
22 Dec 2016,14:28,7977.95
22 Dec 2016,14:28,7977.45
22 Dec 2016,14:31,7974.50
22 Dec 2016,14:32,7974.90
22 Dec 2016,14:33,7975.70
22 Dec 2016,14:34,7976.20
22 Dec 2016,14:36,7977.50
22 Dec 2016,14:36,7979.25
22 Dec 2016,14:37,7981.00
22 Dec 2016,14:38,7982.85
22 Dec 2016,14:39,7985.85
22 Dec 2016,14:40,7986.20
22 Dec 2016,14:41,7987.50
22 Dec 2016,14:42,7986.50
22 Dec 2016,14:43,7985.90
22 Dec 2016,14:44,7988.20
22 Dec 2016,14:45,7989.55
22 Dec 2016,14:46,7990.10
22 Dec 2016,14:47,7988.05
22 Dec 2016,14:48,7985.60
22 Dec 2016,14:49,7985.50
22 Dec 2016,14:50,7984.75
22 Dec 2016,14:51,7984.35
22 Dec 2016,14:52,7980.25
22 Dec 2016,14:53,7980.25
22 Dec 2016,14:54,7981.05
22 Dec 2016,14:55,7984.55
22 Dec 2016,14:56,7985.75
22 Dec 2016,14:57,7985.85
22 Dec 2016,14:58,7987.15
22 Dec 2016,14:59,7989.00
22 Dec 2016,15:01,7982.00
22 Dec 2016,15:01,7979.20
22 Dec 2016,15:02,7975.80
22 Dec 2016,15:03,7972.30
22 Dec 2016,15:04,7970.20
22 Dec 2016,15:06,7970.80
22 Dec 2016,15:06,7970.80
22 Dec 2016,15:07,7972.65
22 Dec 2016,15:09,7972.80
22 Dec 2016,15:09,7974.70
22 Dec 2016,15:10,7974.65
22 Dec 2016,15:11,7973.20
22 Dec 2016,15:11,7972.60
22 Dec 2016,15:13,7976.65
22 Dec 2016,15:15,7979.00
22 Dec 2016,15:15,7976.75
22 Dec 2016,15:16,7978.75
22 Dec 2016,15:17,7979.75
22 Dec 2016,15:18,7982.85
22 Dec 2016,15:19,7982.45
22 Dec 2016,15:21,7982.25
22 Dec 2016,15:22,7984.30
22 Dec 2016,15:22,7985.05
22 Dec 2016,15:24,7983.50
22 Dec 2016,15:24,7985.35
22 Dec 2016,15:25,7985.35
22 Dec 2016,15:26,7984.60
22 Dec 2016,15:27,7985.50
22 Dec 2016,15:28,7987.75
22 Dec 2016,15:30,7986.25
22 Dec 2016,15:30,7986.60
22 Dec 2016,15:31,7979.10
23 Dec 2016,09:15,7975.85
23 Dec 2016,09:16,7964.05
23 Dec 2016,09:17,7968.30
23 Dec 2016,09:18,7960.15
23 Dec 2016,09:19,7956.60
23 Dec 2016,09:20,7959.40
23 Dec 2016,09:22,7961.30
23 Dec 2016,09:23,7960.45
23 Dec 2016,09:25,7967.35
23 Dec 2016,09:25,7965.20
23 Dec 2016,09:26,7969.90
23 Dec 2016,09:28,7976.10
23 Dec 2016,09:28,7979.25
23 Dec 2016,09:29,7984.60
23 Dec 2016,09:30,7981.85
23 Dec 2016,09:32,7978.85
23 Dec 2016,09:32,7975.70
23 Dec 2016,09:33,7972.65
23 Dec 2016,09:34,7966.95
23 Dec 2016,09:35,7968.55
23 Dec 2016,09:37,7966.30
23 Dec 2016,09:38,7964.80
23 Dec 2016,09:38,7966.05
23 Dec 2016,09:40,7963.65
23 Dec 2016,09:40,7961.20
23 Dec 2016,09:41,7958.60
23 Dec 2016,09:42,7959.30
23 Dec 2016,09:44,7959.00
23 Dec 2016,09:44,7958.15
23 Dec 2016,09:45,7952.90
23 Dec 2016,09:46,7954.25
23 Dec 2016,09:48,7952.15
23 Dec 2016,09:48,7956.80
23 Dec 2016,09:49,7957.75
23 Dec 2016,09:50,7956.95
23 Dec 2016,09:52,7957.55
23 Dec 2016,09:52,7957.15
23 Dec 2016,09:53,7953.90
23 Dec 2016,09:54,7954.70
23 Dec 2016,09:55,7954.10
23 Dec 2016,09:56,7951.70
23 Dec 2016,09:57,7947.20
23 Dec 2016,09:58,7942.20
23 Dec 2016,10:00,7944.05
23 Dec 2016,10:01,7944.95
23 Dec 2016,10:02,7946.80
23 Dec 2016,10:03,7948.45
23 Dec 2016,10:03,7948.15
23 Dec 2016,10:05,7947.05
23 Dec 2016,10:06,7946.10
23 Dec 2016,10:06,7946.85
23 Dec 2016,10:08,7946.90
23 Dec 2016,10:09,7947.45
23 Dec 2016,10:10,7949.10
23 Dec 2016,10:11,7950.65
23 Dec 2016,10:12,7950.75
23 Dec 2016,10:13,7948.65
23 Dec 2016,10:14,7948.85
23 Dec 2016,10:15,7947.30
23 Dec 2016,10:17,7945.40
23 Dec 2016,10:17,7944.35
23 Dec 2016,10:18,7944.80
23 Dec 2016,10:19,7947.00
23 Dec 2016,10:20,7944.70
23 Dec 2016,10:24,7942.75
23 Dec 2016,10:26,7944.20
23 Dec 2016,10:28,7945.75
23 Dec 2016,10:28,7945.90
23 Dec 2016,10:29,7945.75
23 Dec 2016,10:31,7945.20
23 Dec 2016,10:31,7943.90
23 Dec 2016,10:33,7945.75
23 Dec 2016,10:33,7946.35
23 Dec 2016,10:34,7948.20
23 Dec 2016,10:35,7950.70
23 Dec 2016,10:36,7952.50
23 Dec 2016,10:37,7954.75
23 Dec 2016,10:39,7954.25
23 Dec 2016,10:39,7952.60
23 Dec 2016,10:40,7951.50
23 Dec 2016,10:42,7951.75
23 Dec 2016,10:42,7951.95
23 Dec 2016,10:43,7952.80
23 Dec 2016,10:45,7952.70
23 Dec 2016,10:46,7952.90
23 Dec 2016,10:46,7951.45
23 Dec 2016,10:47,7949.45
23 Dec 2016,10:49,7947.15
23 Dec 2016,10:49,7948.30
23 Dec 2016,10:50,7948.50
23 Dec 2016,10:51,7950.80
23 Dec 2016,10:53,7951.00
23 Dec 2016,10:53,7951.45
23 Dec 2016,10:54,7951.70
23 Dec 2016,10:56,7951.80
23 Dec 2016,10:57,7956.35
23 Dec 2016,10:57,7958.25
23 Dec 2016,10:58,7963.30
23 Dec 2016,11:00,7963.55
23 Dec 2016,11:01,7964.20
23 Dec 2016,11:02,7966.10
23 Dec 2016,11:02,7965.50
23 Dec 2016,11:03,7965.50
23 Dec 2016,11:05,7967.60
23 Dec 2016,11:06,7969.35
23 Dec 2016,11:07,7969.15
23 Dec 2016,11:08,7966.40
23 Dec 2016,11:08,7964.45
23 Dec 2016,11:10,7962.25
23 Dec 2016,11:11,7963.80
23 Dec 2016,11:11,7963.00
23 Dec 2016,11:13,7962.60
23 Dec 2016,11:13,7963.60
23 Dec 2016,11:15,7965.35
23 Dec 2016,11:16,7968.15
23 Dec 2016,11:17,7970.05
23 Dec 2016,11:18,7969.80
23 Dec 2016,11:19,7969.00
23 Dec 2016,11:20,7969.80
23 Dec 2016,11:21,7969.85
23 Dec 2016,11:22,7968.90
23 Dec 2016,11:22,7968.90
23 Dec 2016,11:24,7968.45
23 Dec 2016,11:25,7969.50
23 Dec 2016,11:26,7970.25
23 Dec 2016,11:26,7972.20
23 Dec 2016,11:28,7973.70
23 Dec 2016,11:28,7975.40
23 Dec 2016,11:30,7972.20
23 Dec 2016,11:30,7976.90
23 Dec 2016,11:32,7978.35
23 Dec 2016,11:33,7977.20
23 Dec 2016,11:34,7976.95
23 Dec 2016,11:34,7980.60
23 Dec 2016,11:35,7981.30
23 Dec 2016,11:36,7982.85
23 Dec 2016,11:38,7983.90
23 Dec 2016,11:39,7982.80
23 Dec 2016,11:40,7985.40
23 Dec 2016,11:40,7988.50
23 Dec 2016,11:42,7988.40
23 Dec 2016,11:43,7988.55
23 Dec 2016,11:44,7986.40
23 Dec 2016,11:46,7987.15
23 Dec 2016,11:48,7983.85
23 Dec 2016,11:49,7983.40
23 Dec 2016,11:50,7983.80
23 Dec 2016,11:50,7984.10
23 Dec 2016,11:52,7982.35
23 Dec 2016,11:53,7983.30
23 Dec 2016,11:54,7981.10
23 Dec 2016,11:55,7979.45
23 Dec 2016,11:57,7976.70
23 Dec 2016,11:57,7977.05
23 Dec 2016,11:58,7977.15
23 Dec 2016,12:00,7977.25
23 Dec 2016,12:01,7977.40
23 Dec 2016,12:01,7977.85
23 Dec 2016,12:02,7980.30
23 Dec 2016,12:03,7981.30
23 Dec 2016,12:05,7982.50
23 Dec 2016,12:06,7984.05
23 Dec 2016,12:06,7985.80
23 Dec 2016,12:07,7987.30
23 Dec 2016,12:09,7989.45
23 Dec 2016,12:10,7990.15
23 Dec 2016,12:10,7989.80
23 Dec 2016,12:11,7988.85
23 Dec 2016,12:12,7988.00
23 Dec 2016,12:14,7984.15
23 Dec 2016,12:14,7982.60
23 Dec 2016,12:16,7982.85
23 Dec 2016,12:16,7981.90
23 Dec 2016,12:17,7982.65
23 Dec 2016,12:19,7983.10
23 Dec 2016,12:19,7983.55
23 Dec 2016,12:20,7984.20
23 Dec 2016,12:21,7984.30
23 Dec 2016,12:22,7984.75
23 Dec 2016,12:24,7987.60
23 Dec 2016,12:24,7986.75
23 Dec 2016,12:26,7986.60
23 Dec 2016,12:26,7987.30
23 Dec 2016,12:27,7984.85
23 Dec 2016,12:28,7981.80
23 Dec 2016,12:30,7981.50
23 Dec 2016,12:30,7979.75
23 Dec 2016,12:31,7979.60
23 Dec 2016,12:33,7978.05
23 Dec 2016,12:33,7981.30
23 Dec 2016,12:34,7979.30
23 Dec 2016,12:36,7980.25
23 Dec 2016,12:36,7979.75
23 Dec 2016,12:37,7980.45
23 Dec 2016,12:38,7982.90
23 Dec 2016,12:40,7982.05
23 Dec 2016,12:41,7982.15
23 Dec 2016,12:42,7982.55
23 Dec 2016,12:43,7982.45
23 Dec 2016,12:44,7981.30
23 Dec 2016,12:44,7983.50
23 Dec 2016,12:46,7983.70
23 Dec 2016,12:46,7983.95
23 Dec 2016,12:48,7987.10
23 Dec 2016,12:49,7987.50
23 Dec 2016,12:49,7987.75
23 Dec 2016,12:51,7989.45
23 Dec 2016,12:52,7988.90
23 Dec 2016,12:52,7988.50
23 Dec 2016,12:54,7988.35
23 Dec 2016,12:54,7989.85
23 Dec 2016,12:56,7986.55
23 Dec 2016,12:57,7985.10
23 Dec 2016,12:58,7985.60
23 Dec 2016,12:58,7986.60
23 Dec 2016,13:00,7984.55
23 Dec 2016,13:01,7986.25
23 Dec 2016,13:02,7987.05
23 Dec 2016,13:03,7987.75
23 Dec 2016,13:04,7990.00
23 Dec 2016,13:05,7993.50
23 Dec 2016,13:06,7993.75
23 Dec 2016,13:07,7991.05
23 Dec 2016,13:08,7994.00
23 Dec 2016,13:08,7995.90
23 Dec 2016,13:11,7995.45
23 Dec 2016,13:11,7994.90
23 Dec 2016,13:14,7995.80
23 Dec 2016,13:14,7995.70
23 Dec 2016,13:18,7998.30
23 Dec 2016,13:18,7999.05
23 Dec 2016,13:19,8004.40
23 Dec 2016,13:20,8009.15
23 Dec 2016,13:23,8008.00
23 Dec 2016,13:25,8015.05
23 Dec 2016,13:26,8015.00
23 Dec 2016,13:28,8021.85
23 Dec 2016,13:31,8011.55
23 Dec 2016,13:35,8006.10
23 Dec 2016,13:36,8005.20
23 Dec 2016,14:35,7986.95
23 Dec 2016,14:35,7986.80
23 Dec 2016,14:35,7986.60
23 Dec 2016,14:35,7986.45
23 Dec 2016,14:35,7984.90
23 Dec 2016,14:36,7984.80
23 Dec 2016,14:36,7979.85
23 Dec 2016,14:37,7985.35
23 Dec 2016,14:38,7985.55
23 Dec 2016,14:40,7983.30
23 Dec 2016,14:41,7985.20
23 Dec 2016,14:41,7986.30
23 Dec 2016,14:42,7985.70
23 Dec 2016,14:43,7987.50
23 Dec 2016,14:45,7988.15
23 Dec 2016,14:46,7986.15
23 Dec 2016,14:47,7984.60
23 Dec 2016,14:47,7985.05
23 Dec 2016,14:48,7983.85
23 Dec 2016,14:49,7983.85
23 Dec 2016,14:51,7981.60
23 Dec 2016,14:51,7981.10
23 Dec 2016,14:52,7981.40
23 Dec 2016,14:53,7983.05
23 Dec 2016,14:54,7986.25
23 Dec 2016,14:56,7989.55
23 Dec 2016,14:57,7993.45
23 Dec 2016,14:57,7993.85
23 Dec 2016,14:58,7993.90
23 Dec 2016,14:59,7996.60
23 Dec 2016,15:01,7993.00
23 Dec 2016,15:01,7991.15
23 Dec 2016,15:02,7988.95
23 Dec 2016,15:04,7987.85
23 Dec 2016,15:05,7984.95
23 Dec 2016,15:06,7983.60
23 Dec 2016,15:07,7981.45
23 Dec 2016,15:07,7985.35
23 Dec 2016,15:08,7983.05
23 Dec 2016,15:09,7980.65
23 Dec 2016,15:10,7980.30
23 Dec 2016,15:11,7980.75
23 Dec 2016,15:12,7981.25
23 Dec 2016,15:13,7982.75
23 Dec 2016,15:14,7983.45
23 Dec 2016,15:15,7984.15
23 Dec 2016,15:16,7987.70
23 Dec 2016,15:17,7986.15
23 Dec 2016,15:19,7985.10
23 Dec 2016,15:19,7984.55
23 Dec 2016,15:21,7985.20
23 Dec 2016,15:22,7987.10
23 Dec 2016,15:22,7985.20
23 Dec 2016,15:24,7983.90
23 Dec 2016,15:24,7983.55
23 Dec 2016,15:26,7985.60
23 Dec 2016,15:26,7986.90
23 Dec 2016,15:30,7992.45
23 Dec 2016,15:30,7991.20
23 Dec 2016,15:31,7985.75